gif_index,url,total_gif_frames,frames_extracted,frame_extraction_ms,total_inference_ms,avg_frame_inference_ms,per_frame_inference_ms,summary_ms,ocr_detected,ocr_text,total_pipeline_ms,wall_clock_ms,since_page_load_ms,model_load_ms,ocr_load_ms,caption
1,"https://media3.giphy.com/media/v1.Y2lkPWVjOWY5Nzk1aG5xNWg5d2Jjbzd1ZTMyNGg4b3YxOX",15,4,4110,13134,3283,"2923;3329;3728;3154",0,0,"",17244,17255,17268,22211,166,"a man with a beard and a mustache and black shirt"
2,"https://media1.giphy.com/media/v1.Y2lkPWVjOWY5Nzk1aG5xNWg5d2Jjbzd1ZTMyNGg4b3YxOX",41,4,4514,12923,3231,"2995;3052;3398;3479",0,0,"",17437,17448,17461,0,0,"a man in a suit and tie and beard"
3,"https://media3.giphy.com/media/v1.Y2lkPWVjOWY5Nzk1aG5xNWg5d2Jjbzd1ZTMyNGg4b3YxOX",32,4,4502,13721,3430,"3281;3652;3090;3699",0,0,"",18224,18234,18248,0,0,"a young girl wearing glasses and a scarf and holding a cell phone"
4,"https://media2.giphy.com/media/v1.Y2lkPWVjOWY5Nzk1aG5xNWg5d2Jjbzd1ZTMyNGg4b3YxOX",63,4,4534,13765,3441,"3333;3342;3716;3374",0,1,"TRATFORS “Who Doesn't Like Surprises?",18298,18310,18323,0,0,"a man wearing a hat and a scarf and bow tie. Text: TRATFORS “Who Doesn't Like Surprises?"
5,"https://media2.giphy.com/media/v1.Y2lkPWVjOWY5Nzk1aG5xNWg5d2Jjbzd1ZTMyNGg4b3YxOX",46,4,4524,13980,3495,"3299;3993;3402;3286",0,0,"",18504,18515,18529,0,0,"a little boy standing in a dirt field and young boy holding a cell phone"
6,"https://media4.giphy.com/media/v1.Y2lkPWVjOWY5Nzk1aG5xNWg5d2Jjbzd1ZTMyNGg4b3YxOX",35,4,4272,14783,3696,"3106;4275;4004;3398",0,0,"",19055,19065,19078,0,0,"a man with a red scarf and a red hat and holding a soccer ball"
7,"https://media4.giphy.com/media/v1.Y2lkPWVjOWY5Nzk1aG5xNWg5d2Jjbzd1ZTMyNGg4b3YxOX",16,4,4485,15089,3772,"4702;5001;3450;1937",0,1,"Ae ace",19574,19584,19598,0,0,"a man in a suit and tie is talking on a cell phone and tie smiling. Text: Ae ace"
8,"https://media3.giphy.com/media/v1.Y2lkPWVjOWY5Nzk1aG5xNWg5d2Jjbzd1ZTMyNGg4b3YxOX",91,4,4545,15293,3823,"4514;4682;4594;1504",0,1,"Surprise! Surprise!",19838,19848,19861,0,0,"a woman in a red dress standing in front of a wall and dress holding a remote. Text: Surprise! Surprise!"
9,"https://media1.giphy.com/media/v1.Y2lkPWVjOWY5Nzk1aG5xNWg5d2Jjbzd1ZTMyNGg4b3YxOX",18,4,4290,15612,3903,"3454;4887;5047;2224",0,0,"",19903,19913,19927,0,0,"a man in a suit and tie is talking on a cell phone and looking at something"
10,"https://media3.giphy.com/media/v1.Y2lkPWVjOWY5Nzk1aG5xNWg5d2Jjbzd1ZTMyNGg4b3YxOX",26,4,4381,15557,3889,"4139;4324;5003;2091",0,0,"",19939,19950,19964,0,0,"a man in a suit and tie is talking on a cell phone and looking at something"